Index,Prediction,Cluster,Total Population,Total Households,Total Households For Period Of Construction,Total Households For Period Of Construction Built Before 1961,Total Households For Period Of Construction Built Between 1961 And 1980,Total Households For Period Of Construction Built Between 1981 And 190,Total Households For Period Of Construction Built Between 1991 And 2000,Total Households For Period Of Construction Built Between 2001 And 2005,Total Households For Structure Type Houses,"Total Households For Structure Type Apartment, Building Low And High Rise",Total Households For Structure Type Other Dwelling Types,Total Households for Tenure,Dwellings by Tenure Owner,Dwellings by Tenure Renter
0,119626.38522326066,0,2692,893,893,15,21,46,648,114,883,10,0,836,790,46
1,101040.19958854071,0,3884,1511,1511,17,839,218,27,33,1025,486,0,1399,1207,192
2,66753.6651070879,2,7014,2768,2768,767,615,223,435,166,1390,1378,0,2552,1533,1019
3,58857.19291802357,2,9136,4577,4577,1540,969,437,244,457,2102,2461,14,4232,2402,1830
4,135832.96907574852,0,3614,1167,1167,44,94,34,115,184,1069,98,0,1080,1042,38
5,73163.84299441589,2,6553,2995,2995,1203,1445,168,61,34,1122,1873,0,2818,2044,774
6,84732.26069593559,0,1827,800,800,256,435,78,30,0,684,116,0,794,639,155
7,72322.19153960115,1,7325,2232,2232,98,1544,364,115,41,1111,1121,0,2157,1506,651
8,109585.80890983439,0,4767,1650,1650,136,483,203,330,114,1617,0,33,1478,1384,94
9,100698.68334911042,0,4816,1601,1601,471,338,203,193,151,1421,177,3,1522,1256,266
10,95422.07839365785,0,3162,805,805,0,35,309,394,33,586,219,0,743,614,129
11,93248.97746608838,1,5715,2008,2008,11,462,967,300,151,1628,374,6,1846,1470,376
12,122000.81649527981,1,7356,2436,2436,57,587,322,626,298,2426,10,0,2271,2133,138
13,109985.33689174887,0,4495,1556,1556,71,241,381,332,74,1334,216,6,1450,1298,152
14,120548.98459152256,0,2601,894,894,255,137,200,122,100,867,27,0,864,794,70
15,117535.21349381446,1,7236,2371,2371,0,237,253,688,470,2366,5,0,2224,2059,165
16,82320.83458158365,1,9284,4005,4005,29,352,753,1067,1107,2529,1476,0,3691,2872,819
17,98193.30577263319,0,4198,1110,1110,13,475,471,40,13,1030,75,5,1043,991,52
18,107793.61377706353,0,4989,1721,1721,25,614,163,89,183,1559,157,5,1613,1436,177
19,75517.58042330226,0,1854,914,914,337,33,10,33,109,369,545,0,684,454,230
20,66926.63574465962,0,50,17,17,0,1,11,4,0,17,0,0,17,16,1
21,54612.21635682544,2,4949,2511,2511,1736,611,78,29,0,1365,1132,14,2359,1273,1086
22,73570.93055473342,1,8174,3483,3483,670,792,459,384,188,2575,896,12,3331,2416,915
23,69945.55392476964,0,1124,464,464,74,198,72,75,20,366,98,0,469,369,100
24,107611.19480767334,0,3151,1007,1007,89,120,609,139,13,916,91,0,945,882,63
25,0.0,3,0,0,0,0,0,0,0,0,0,0,0,0,0,0
26,96613.51733107468,1,7035,2681,2681,241,481,625,373,234,2065,590,26,2527,2066,461
27,0.0,3,0,0,0,0,0,0,0,0,0,0,0,0,0,0
28,80828.23310661432,0,2672,1155,1155,965,81,16,17,12,1058,97,0,1094,914,180
29,115348.26969805616,0,10,4,4,0,1,1,1,1,4,0,0,4,4,0
30,99207.36244366887,0,5333,1657,1657,10,149,170,509,590,1300,357,0,1597,1306,291
31,43295.38509917665,2,3576,1897,1897,1062,293,128,71,102,117,1770,10,1771,456,1315
32,42190.89159274984,2,5136,2082,2082,76,1148,216,166,288,483,1592,7,2008,518,1467
33,49349.10668913301,0,3570,1519,1519,1081,277,47,41,31,365,1149,5,1468,602,866
34,64698.613612615656,0,1917,918,918,548,217,68,40,12,581,332,5,860,491,369
35,128024.15927985472,0,3489,1210,1210,0,15,152,422,416,1205,5,0,1108,1049,59
36,107690.95130045744,0,4469,1314,1314,37,577,433,194,31,1314,0,0,1261,1163,98
37,108941.32062472391,1,6011,2249,2249,5,117,973,804,10,2071,178,0,2107,1953,154
38,105940.11199742816,1,5697,1444,1444,0,8,13,271,992,1422,22,0,1312,1228,84
39,74815.01681623673,1,7546,2370,2370,95,876,930,299,23,940,1388,42,2226,1580,646
40,79110.15330874594,1,6170,2428,2428,54,1611,695,44,11,2147,281,0,2335,1723,612
41,110682.31769374231,1,6555,2009,2009,0,15,34,916,496,2009,0,0,1863,1741,122
42,87050.68334141986,0,4316,1824,1824,12,468,78,222,176,1259,560,5,1715,1360,355
43,47426.431573674956,2,4915,2114,2114,1643,309,51,35,0,447,1536,131,1965,878,1087
44,69240.1062173276,1,6449,2642,2642,86,734,637,631,117,1533,1104,5,2558,1591,967
45,131229.05855210585,0,2327,819,819,76,397,82,61,85,706,113,0,705,682,23
46,47397.50721291342,2,4581,1823,1823,169,1199,170,175,3,541,1282,0,1706,716,990
47,59729.72653855796,0,4694,1771,1771,675,784,114,129,24,885,886,0,1712,824,888
48,46542.721559631675,0,3938,1532,1532,638,556,125,52,46,79,1409,44,1465,528,937
49,50307.41674104353,2,3892,2028,2028,218,1018,385,172,69,850,1178,0,1836,703,1133
50,104723.14573817034,1,5560,2089,2089,571,755,349,191,104,1992,87,10,1989,1809,180
51,92030.37454038624,0,3318,1223,1223,527,510,133,9,0,784,434,5,1184,761,423
52,81906.85594613504,1,6025,2391,2391,53,97,544,890,186,935,1451,5,2098,1717,381
53,108882.62794130112,0,2374,848,848,312,281,87,56,34,820,22,6,776,690,86
54,43403.975554497345,0,1045,657,657,297,135,166,46,11,81,546,30,650,133,517
55,54958.28806625067,0,2554,1250,1250,317,441,174,190,31,467,769,14,1152,549,603
56,87080.08042479385,0,4683,1864,1864,176,726,320,252,108,1566,289,9,1754,1369,385
57,57981.35779592433,0,3709,1728,1728,668,696,118,76,22,743,971,14,1627,848,779
58,103987.59145393148,1,8587,2977,2977,373,534,325,670,512,2818,154,5,2925,2765,160
59,72535.60377218758,0,3761,1502,1502,257,1090,80,50,0,867,626,9,1501,910,591
60,92434.91623485684,1,12968,4689,4689,0,2,13,34,1015,3209,1480,0,4305,3446,859
61,64283.95580101022,0,4795,2193,2193,708,584,164,93,99,1381,808,4,2036,1150,886
62,96301.18968527147,0,3410,1441,1441,38,15,49,99,170,676,765,0,1312,1238,74
63,114177.94176093418,0,3753,1230,1230,9,14,81,531,279,1107,123,0,1162,949,213
64,69634.26315183863,2,7104,2998,2998,757,892,308,293,257,1393,1597,8,2715,1491,1224
65,101246.04040786033,0,4395,1709,1709,534,463,214,181,66,1670,39,0,1600,1408,192
66,80818.17775052921,1,5281,2243,2243,377,1177,258,202,75,1610,633,0,2086,1509,577
67,85687.92982928544,1,6166,2084,2084,349,876,255,190,207,1151,933,0,1992,1666,326
68,84627.9454793617,0,4679,1899,1899,408,884,123,95,38,1247,638,14,1827,1411,416
69,112859.93796983406,1,7446,2172,2172,13,0,0,60,110,2161,11,0,1986,1834,152
70,51223.92299845776,2,3766,2079,2079,686,235,93,159,135,460,1615,4,1879,762,1117
71,85886.00968180779,0,4790,1844,1844,96,430,432,479,197,1257,587,0,1788,1404,384
72,111188.28697006877,1,5455,1493,1493,25,450,884,89,10,1321,167,5,1411,1308,103
73,65311.070467741854,2,9230,3594,3594,710,866,225,391,264,1459,2135,0,3330,1796,1534
74,112984.95650830209,1,9952,3026,3026,56,46,0,27,413,2835,187,4,2698,2469,229
75,67300.2162656085,0,4792,1964,1964,387,1188,158,97,28,1045,919,0,1944,1237,707
76,58314.40672964014,2,5366,2496,2496,613,681,473,318,157,570,1926,0,2316,1213,1103
77,89471.01846327144,0,2740,1117,1117,139,876,29,14,11,965,152,0,1046,858,188
78,45686.93812040828,2,5120,1998,1998,243,1393,136,178,13,257,1741,0,1915,778,1137
79,99049.1831900659,0,2854,1057,1057,332,481,103,56,21,988,59,10,983,874,109
80,60673.97860556111,0,4323,1837,1837,312,1046,267,138,25,1405,427,5,1739,931,808
81,66949.27699839811,0,4152,1816,1816,639,740,108,202,20,1107,709,0,1741,1130,611
82,37599.58069205332,0,3,3,3,0,0,0,0,0,0,3,0,0,0,0
83,93071.7511566152,1,5229,1863,1863,436,372,331,239,227,1689,24,150,1789,1701,88
84,48845.73497343413,2,5537,3326,3326,1356,1404,294,148,26,366,2956,4,3044,538,2506
85,90251.44750493603,0,4405,1732,1732,741,412,340,91,84,1320,404,8,1635,1260,375
86,67864.79889300188,0,446,212,212,81,30,29,19,14,212,0,0,198,166,32
87,111052.31827057604,1,6132,2340,2340,101,1326,443,170,97,2112,216,12,2252,2136,116
88,71346.54959594799,0,3702,1474,1474,686,238,74,162,36,507,967,0,1393,889,504
89,81512.42528177147,1,6878,2807,2807,25,1525,730,273,93,2482,325,0,2618,1995,623
90,42591.82009225912,0,2153,1267,1267,736,332,52,90,36,32,1235,0,1189,277,912
91,65511.574894567224,0,3756,1589,1589,1027,318,32,59,64,1237,352,0,1484,879,605
92,82329.87670935676,0,230,87,87,38,30,18,0,0,82,5,0,86,0,86
93,65241.91742302891,1,7113,2551,2551,422,1246,79,60,82,1413,1135,3,2322,1265,1057
94,85504.52689786656,0,4655,1849,1849,348,783,273,218,132,1163,681,5,1768,1376,392
95,99838.9250360401,1,7808,2951,2951,0,168,154,138,413,1908,288,755,2611,2209,402
96,94953.66187826544,1,8269,3066,3066,24,695,360,311,500,2641,417,8,2812,2264,548
97,44838.07312441845,2,2731,1510,1510,456,638,126,66,51,145,1354,11,1374,155,1219
98,99075.55954535207,0,3307,929,929,11,17,140,418,125,529,400,0,851,678,173
99,42860.16555880297,0,3933,1908,1908,32,342,622,592,144,579,1329,0,1850,801,1049
100,104160.47438699927,0,3090,1170,1170,76,419,219,202,74,805,365,0,1143,964,179
101,98860.57161605459,0,5440,1846,1846,351,521,146,135,31,1625,213,8,1725,1525,200
102,66999.54128001185,0,3348,1093,1093,233,204,132,201,95,233,860,0,1020,627,393
103,115448.16156731597,0,3306,1175,1175,177,429,93,68,39,1159,16,0,1050,862,188
104,100140.89717836447,0,5113,1554,1554,0,62,325,410,276,1257,297,0,1456,1128,328
105,79985.66159897679,0,3922,1539,1539,32,763,548,112,48,1248,291,0,1455,1060,395
106,70110.6744974483,0,4616,1988,1988,961,547,259,103,61,1066,922,0,1968,1301,667
107,87470.00414528334,0,4110,1196,1196,28,81,341,307,174,496,623,77,1163,846,317
108,40957.264490875205,0,2088,1177,1177,389,407,146,122,37,16,1161,0,1105,118,987
109,89195.8611556564,0,3433,1169,1169,85,918,95,47,0,923,246,0,1106,798,308
110,69951.79195033871,2,7921,3298,3298,106,588,328,472,207,1844,1435,19,3113,1752,1361
111,49499.13856907032,0,3385,1572,1572,1283,183,16,70,10,26,1533,13,1550,775,775
112,44494.6899984669,0,1438,798,798,545,103,26,12,17,22,776,0,748,232,516
113,69102.42720114344,0,3640,1590,1590,82,341,649,427,49,1121,469,0,1508,989,519
114,93568.09679038306,0,4232,1689,1689,44,417,604,214,191,1281,408,0,1609,1329,280
115,83973.68961183795,1,7152,2644,2644,187,1378,499,292,35,2237,407,0,2428,1769,659
116,56495.09639075521,2,4977,2354,2354,1580,579,96,53,18,1323,1027,4,2315,1182,1133
117,100465.7064354412,0,4295,1573,1573,260,1079,141,43,11,1542,31,0,1515,1290,225
118,68829.75996718091,0,4062,1794,1794,740,658,169,53,13,1210,576,8,1687,1109,578
119,90595.1737688442,0,2745,1045,1045,479,323,120,66,12,962,79,4,1004,894,110
120,63034.57783438166,2,9900,5466,5466,68,36,118,1460,932,147,5318,1,4861,2352,2509
121,59054.42805881422,2,7824,2913,2913,439,1144,252,542,246,585,2328,0,2723,1262,1461
122,88224.2982859215,1,5146,1805,1805,284,1071,112,174,35,1072,733,0,1664,1327,337
123,39640.54284683722,2,5114,2630,2630,637,1371,252,154,47,439,2187,4,2566,618,1948
124,53985.38625183926,0,2565,1011,1011,511,344,60,58,5,435,576,0,935,350,585
125,61309.180697228476,2,9526,4730,4730,1214,990,416,230,106,1247,3483,0,4336,3016,1320
126,77608.13843893228,0,4020,1620,1620,231,373,803,143,12,1024,591,5,1563,1129,434
127,68936.58530602299,2,6274,2767,2767,70,1199,691,409,171,1763,1004,0,2633,1617,1016
128,70192.01541713208,0,3783,1779,1779,583,338,96,115,251,728,1051,0,1629,1134,495
129,68902.89497762639,0,4623,2175,2175,262,1169,254,343,40,1417,695,63,2079,1450,629
130,116684.62976580545,1,7761,2226,2226,10,50,451,1363,133,2107,119,0,1970,1915,55
131,96131.88021811574,0,4610,1861,1861,123,600,462,187,150,1689,151,21,1716,1498,218
132,105070.50875518478,0,1897,690,690,477,116,10,31,10,553,133,4,655,527,128
133,107000.86654083023,0,3515,1052,1052,329,328,75,150,60,1008,32,12,1031,758,273
134,54309.32153081342,2,10793,4337,4337,1633,842,203,287,181,1223,3102,12,4002,2009,1993
135,109340.17686057038,1,7427,2454,2454,0,2,0,7,126,1985,469,0,2165,1890,275
136,81359.66995968421,0,4526,1825,1825,673,1014,49,22,0,1332,493,0,1730,1282,448
137,98490.35839385306,1,6938,2397,2397,17,128,906,643,263,2164,233,0,2173,1861,312
138,47236.97588581501,2,6196,3151,3151,1282,1089,287,184,50,848,2285,18,2926,895,2031
139,40821.214318818114,2,5112,2696,2696,1100,1077,281,158,2,48,2645,3,2506,93,2413
140,127758.95176150357,0,3252,1070,1070,15,20,605,371,3,1070,0,0,986,953,33
141,47937.00463056223,0,3703,1527,1527,189,654,234,307,69,886,641,0,1441,253,1188
142,96066.23525012132,0,2962,920,920,252,248,106,69,25,629,291,0,842,668,174
143,60915.524365788886,2,6457,2929,2929,681,1711,342,106,15,1908,1018,3,2877,1807,1070
144,100803.61340361109,0,1557,537,537,0,0,0,0,9,10,527,0,258,161,97
145,42769.91690168451,2,3027,1620,1620,1089,333,114,31,16,101,1514,5,1524,317,1207
146,64566.15714613097,0,2757,1048,1048,761,157,26,32,15,476,567,5,1018,362,656
147,42297.9145678136,0,2084,1164,1164,755,273,40,10,15,343,816,5,1162,471,691
148,58456.78408163227,0,4225,1943,1943,633,1062,95,77,14,1185,758,0,1837,971,866
149,68487.56514566345,0,100,34,34,2,6,8,7,2,34,0,0,32,28,0
150,107268.235513538,0,4562,1522,1522,0,13,233,945,267,971,551,0,1407,1173,234
151,64217.78214962643,0,4297,1785,1785,1117,252,51,57,33,1144,641,0,1645,980,665
152,43322.73695544247,0,2653,1801,1801,114,724,445,278,35,28,1770,3,1807,1101,706
153,59176.276004584484,2,4657,2074,2074,1539,345,81,46,3,850,1218,6,1943,889,1054
154,90569.83312085955,0,3718,1402,1402,238,456,368,258,26,1064,338,0,1317,968,349
155,100778.88499382837,0,3957,1032,1032,0,12,80,723,149,763,269,0,944,822,122
156,104429.26043617625,0,3843,1393,1393,52,466,362,316,46,1235,154,4,1295,1195,100
157,46673.62948611684,2,4694,1779,1779,412,861,197,98,39,803,976,0,1613,464,1149
158,107597.41266469468,0,4325,1616,1616,1151,200,72,72,21,1552,64,0,1533,1376,157
159,57168.12490934034,0,2604,1197,1197,895,244,35,15,0,750,447,0,1178,562,616
160,81406.89067603012,0,5300,1678,1678,185,809,129,157,62,1032,646,0,1568,1174,394
161,78621.0045288932,1,6728,2742,2742,119,409,177,770,154,1879,811,52,2613,1686,927
162,49840.73469912511,2,3853,1730,1730,518,792,220,80,37,511,1219,0,1602,561,1041
163,65711.95901732243,2,5619,2622,2622,875,608,265,153,159,1536,1082,4,2415,1282,1133
164,54054.58092841551,0,2530,1146,1146,566,240,83,55,48,586,556,4,1053,402,651
165,93118.10510363457,0,4688,1566,1566,59,382,200,550,253,1035,531,0,1491,1164,327
166,95719.79478907815,0,3326,1229,1229,165,485,242,93,36,1213,16,0,1194,1114,80
167,89813.56720728322,1,5714,1929,1929,37,681,1031,134,0,1151,778,0,1777,1443,334
168,46466.07987170171,2,6587,2007,2007,422,1120,217,85,29,164,1843,0,1877,474,1403
169,57351.23248651346,0,3660,1224,1224,193,504,126,199,147,349,875,0,1116,306,810
170,75683.47893267091,0,3789,1594,1594,355,922,97,152,22,1398,196,0,1573,1141,432
171,47913.01505410624,2,5473,2892,2892,1760,743,141,104,3,65,2819,8,2756,797,1959
172,75859.27961951151,1,4941,2197,2197,1305,746,53,14,14,1479,718,0,2066,1321,745
173,127274.52073980375,0,4854,1423,1423,0,0,15,299,869,1423,0,0,1259,1212,47
174,91382.89649205554,1,5306,1603,1603,156,1152,172,42,0,1312,291,0,1455,1135,320
175,102182.65327407533,1,6640,1826,1826,12,17,0,426,1183,1753,71,2,1677,1493,184
176,54549.24899275478,0,2356,1204,1204,618,404,80,70,16,557,637,10,1131,494,637
177,48427.22179195125,2,4691,3162,3162,291,1393,407,280,305,139,3023,0,2798,827,1971
178,87638.07050120768,0,4598,1708,1708,225,1160,220,32,0,1299,404,5,1599,1157,442
179,91794.04051743913,1,6883,2656,2656,456,690,456,499,186,2462,31,163,2631,2515,115
180,57860.228301865674,2,5863,2329,2329,380,1294,171,125,196,569,1754,6,2194,1219,975
181,105735.65572545183,1,6242,2045,2045,325,345,615,181,23,1774,271,0,1796,1604,192
182,55645.55615012359,2,6294,3325,3325,33,1199,1500,405,57,218,3095,12,3143,1631,1512
183,46915.19050931056,2,7315,3648,3648,1499,1580,210,225,43,823,2825,0,3394,886,2508
184,65554.9600239333,1,6640,2589,2589,855,1048,370,140,44,2118,471,0,2490,1607,883
185,80537.40583988928,1,5906,1976,1976,67,1557,198,74,15,1504,472,0,1837,1226,611
186,47728.35489091075,0,3333,1878,1878,110,700,492,257,49,697,1176,5,1754,837,917
187,93515.4938568924,0,4489,1818,1818,175,1099,246,195,3,1517,295,6,1775,1477,298
188,95877.3834508228,0,4350,1390,1390,22,139,752,320,72,981,405,4,1360,1132,228
189,72119.56561001824,1,5588,2132,2132,228,1531,78,63,79,1629,503,0,1952,1161,791
190,82618.51522682035,1,6229,2348,2348,59,1275,192,176,111,1786,562,0,2120,1500,620
191,57826.019666192464,0,2202,1057,1057,772,174,45,32,12,546,508,3,1014,440,574
192,92560.81940845338,0,3206,1021,1021,250,255,115,237,37,917,99,5,970,777,193
193,74531.84231762952,1,8392,3666,3666,139,620,512,450,384,2135,1512,19,3427,2467,960
194,53642.608158506875,0,1376,720,720,211,279,72,58,0,286,434,0,661,281,380
195,71819.4480615655,0,4949,2113,2113,99,619,490,333,93,1362,741,10,2024,1303,721
196,72660.1357385211,0,5289,2393,2393,64,717,465,748,211,815,1578,0,2264,1705,559
197,74296.65690808638,1,6124,2588,2588,129,1367,355,450,114,1926,662,0,2399,1567,832
198,56130.96841130499,2,6016,2752,2752,0,163,997,1105,368,0,2752,0,2524,1878,646
199,68418.45726737387,0,674,287,287,208,38,17,12,11,110,177,0,285,135,150
200,104750.35859478876,1,7330,2628,2628,3,471,106,674,1033,2505,123,0,2489,2178,311
201,78483.4819777033,1,6406,2556,2556,124,1060,635,346,142,1906,286,364,2484,2144,340
202,38057.88734865632,0,2009,1076,1076,567,384,40,16,6,135,936,5,1077,314,763
203,46267.14453868189,2,4994,2465,2465,735,854,271,270,56,569,1872,24,2335,910,1425
204,39493.172525667826,0,2694,1461,1461,71,915,137,91,15,558,903,0,1460,613,847
205,101835.2112443955,0,2108,810,810,94,51,160,346,90,646,164,0,767,666,101
206,102188.5740243854,0,3721,1405,1405,5,194,1097,52,25,1400,5,0,1325,1242,83
207,73877.22736909818,0,2098,823,823,601,71,22,17,67,548,275,0,775,575,200
208,59221.635436271004,2,5702,2644,2644,195,1713,525,125,26,1751,893,0,2510,1473,1037
209,108835.51362142412,0,3344,1044,1044,13,280,483,201,34,847,197,0,953,841,112
210,76315.4399925049,1,6155,2676,2676,1198,631,124,161,173,1715,940,21,2522,1854,668
211,101978.69686436407,0,3271,1135,1135,989,85,15,11,0,1098,37,0,1067,996,71
212,72933.53064661674,0,3422,1217,1217,245,155,282,294,202,515,702,0,1172,808,364
213,66966.6657032155,2,8725,3137,3137,858,565,392,461,211,1046,2076,15,2904,1734,1170
214,64937.36114249712,0,3691,1407,1407,257,586,120,93,59,1227,180,0,1300,575,725
215,115105.81585858746,1,6052,1963,1963,129,1132,544,55,14,1853,110,0,1875,1762,113
216,47688.76102564282,2,6535,2355,2355,717,1035,304,137,36,789,1566,0,2171,616,1555
217,102559.1083949094,0,2281,858,858,4,38,262,507,20,854,0,4,793,746,47
218,54661.14442203746,0,3448,1681,1681,900,472,126,66,22,967,710,4,1551,679,872
219,51669.465970368496,2,8124,4080,4080,232,2086,579,382,71,970,3107,3,3758,1386,2372
220,80027.54715563722,1,6090,2135,2135,765,635,219,201,58,1116,1019,0,2012,1496,516
221,50193.018646502635,0,3244,1421,1421,765,394,147,43,22,374,1047,0,1357,576,781
222,85820.19278365851,1,6672,1968,1968,69,1260,510,77,16,1665,303,0,1847,1338,509
223,78020.85038765564,0,2068,892,892,68,713,54,55,0,578,179,135,894,644,250
224,86560.60692204507,0,2542,1049,1049,140,828,43,18,0,808,241,0,992,791,201
225,75591.56091836079,0,3999,1650,1650,20,418,1030,136,3,1046,604,0,1612,1161,451
226,89173.01835780639,0,3214,1355,1355,449,525,121,142,37,708,643,4,1343,1051,292
227,77876.4064698954,0,1613,679,679,357,180,43,27,23,552,127,0,638,421,217
228,45433.31002745449,0,2102,1125,1125,639,135,31,85,118,16,1094,15,1059,465,594
229,0.0,3,0,0,0,0,0,0,0,0,0,0,0,0,0,0
230,55828.9513907877,0,3380,1863,1863,114,306,244,331,37,11,1846,6,1697,1061,636
231,51355.76186957891,2,4822,2623,2623,1245,622,246,175,90,574,2044,5,2363,499,1864
232,100202.07801903335,0,3338,1152,1152,47,259,208,191,130,1105,47,0,1107,1056,51
233,107355.50598147405,0,1122,325,325,14,41,69,89,36,296,26,3,0,0,0
234,57150.278010692564,0,3599,1510,1510,863,362,148,78,18,764,735,11,1389,640,749
235,91783.29340765561,1,8820,2952,2952,239,914,320,391,336,2355,597,0,2853,2461,392
236,74677.03786305689,1,7884,2080,2080,65,323,544,611,182,535,1531,14,1953,1226,727
237,59053.31368997861,0,4702,2092,2092,1139,572,173,97,18,1474,618,0,2005,1068,937
238,99731.57104557822,0,3724,1279,1279,3,477,712,47,0,1175,104,0,1186,1105,81
239,87092.85439819797,1,4385,1726,1726,226,238,254,280,384,1277,238,211,1597,1258,339
240,87753.82306266786,0,3126,1086,1086,78,197,362,264,90,1041,5,40,1075,1052,23
241,95489.76559706221,1,7694,2778,2778,15,115,1190,1091,41,2408,365,5,2622,2033,589
242,80012.13700964989,0,3635,1527,1527,90,1366,14,14,13,1414,31,82,1481,1368,113
243,112039.98186345876,1,13638,3622,3622,0,3,4,304,1722,3449,173,0,3319,2970,349
244,108487.47099901283,1,8549,2887,2887,75,174,204,1196,643,2446,441,0,2690,2407,283
245,106197.10961765437,0,3803,1282,1282,138,995,76,16,10,1173,106,3,1176,1083,93
246,49357.97988120898,2,6386,2924,2924,1543,704,451,114,30,425,2482,17,2797,1003,1794
247,105447.13486020968,1,12055,2762,2762,0,0,12,14,244,2729,33,0,2573,2275,298
248,56288.42510973845,2,6057,2457,2457,1881,275,57,44,22,953,1467,37,2291,1248,1043
249,94137.08010571738,1,8558,2907,2907,293,360,452,720,593,2552,267,88,2820,2441,379
250,118809.40897166575,0,4451,1442,1442,187,129,40,662,247,1419,23,0,1372,1266,106
251,94049.56552880134,0,1048,398,398,112,145,90,25,15,393,5,0,399,352,47
252,78345.37466511139,0,2873,1214,1214,294,380,131,203,64,1148,0,66,1196,1153,43
253,96236.75888999905,1,7037,1741,1741,10,2,46,912,365,1194,547,0,1651,1355,296
254,99682.28660353478,1,6784,2525,2525,212,494,256,434,274,2205,320,0,2400,2152,248
255,87341.32704440858,1,6482,2025,2025,38,772,985,143,28,1257,768,0,1953,1504,449
256,94203.42315890423,0,3570,1548,1548,1315,159,0,30,11,1487,58,3,1497,1356,141
257,116499.333036589,0,2727,861,861,396,247,20,72,9,733,128,0,727,561,166
258,109716.07027877137,1,7914,2834,2834,34,907,1028,222,106,2703,131,0,2608,2396,212
259,102962.08714950274,0,4619,1680,1680,16,934,355,212,127,1675,0,5,1576,1358,218
260,50226.248053523464,2,7957,3650,3650,1090,1539,350,235,61,1286,2364,0,3336,984,2352
261,106134.74754579001,0,3846,1349,1349,10,197,654,395,53,1098,247,4,1261,971,290
262,55693.62777261562,2,8567,3932,3932,238,1433,687,823,241,1556,2375,1,3738,1968,1770
263,103733.63189492092,1,7596,2531,2531,0,16,19,286,812,1945,586,0,2331,1860,471
264,73555.99074579301,1,8612,2595,2595,1228,1025,132,77,16,1413,1161,21,2441,1435,1006
265,113053.42467791999,1,7256,2310,2310,104,813,546,445,194,2105,205,0,2177,1992,185
266,57003.885874992666,0,3781,1762,1762,388,1035,164,108,23,1042,715,5,1750,765,985
267,56894.318052625276,2,6652,3220,3220,866,969,305,476,114,853,2352,15,3045,1543,1502
268,105832.98280989574,1,6653,2301,2301,720,221,876,227,40,2052,249,0,2131,1884,247
269,87603.22232367417,1,7081,2912,2912,749,875,411,383,148,2646,118,148,2885,2604,281
270,76658.10944731187,0,4488,1616,1616,849,584,52,43,6,930,673,13,1517,958,559
271,75466.3306254848,1,4966,2029,2029,1522,238,40,44,83,1101,918,10,1907,1148,759
272,85320.05449335181,0,3017,1109,1109,180,799,41,33,10,686,418,5,1071,608,463
273,57807.27033311979,2,7989,4733,4733,236,60,161,965,1079,50,4683,0,4256,1631,2625
274,53327.47691742746,0,2069,1027,1027,813,152,27,6,11,70,952,5,963,444,519
275,57637.22722629209,2,6154,3186,3186,824,781,165,197,97,862,2318,6,2776,1241,1535
276,100280.66815463272,1,6019,2007,2007,0,0,12,20,301,1545,462,0,1778,1164,614
277,81345.14202108567,0,5911,2374,2374,114,546,346,218,593,1400,969,5,2282,1868,414
278,70872.52896870465,0,4492,1822,1822,38,695,377,430,178,1041,781,0,1736,1123,613
279,104748.94757546755,0,5162,1861,1861,343,413,553,274,117,1799,53,9,1738,1574,164
280,79458.18145837363,1,7701,2993,2993,600,901,298,445,72,2233,744,16,2755,1882,873
281,46679.95830650562,2,10642,5325,5325,313,1863,371,224,520,87,5238,0,4859,1176,3683
282,52804.235814406224,2,7474,3962,3962,1340,527,334,339,188,1162,2800,0,3524,1517,2007
283,105949.11350137345,0,4066,1390,1390,743,413,38,43,27,1358,27,5,1306,1218,88
284,85822.81062861874,0,3279,1254,1254,53,1030,120,24,0,681,570,3,1214,1052,162
285,72316.88733075341,0,1400,540,540,2,129,30,42,186,11,356,173,466,328,138
286,110666.91236574973,0,4826,1271,1271,0,0,0,66,1029,1266,5,0,1239,1219,20
287,63780.32955533763,1,5225,1672,1672,146,1030,193,146,31,744,928,0,1511,411,1100
288,53798.72437129195,2,5188,2457,2457,631,1105,256,269,64,990,1467,0,2235,785,1450
289,84184.90824144769,1,8882,3520,3520,83,704,289,634,290,2140,1376,4,3296,2696,600
290,100407.68858878397,0,5547,2018,2018,230,703,854,196,0,1744,274,0,1938,1769,169
291,47545.79779512091,0,1556,755,755,380,218,12,31,15,223,532,0,726,248,478
292,63088.20200029282,2,9802,4197,4197,163,657,684,871,148,816,3376,5,3862,1906,1956
293,53601.05472940947,0,4155,1974,1974,866,538,256,187,32,1082,882,10,1931,871,1060
294,67019.41662863019,1,5518,2566,2566,132,659,371,559,305,1257,1259,50,2478,1425,1053
295,45784.07976320643,2,3322,1855,1855,823,326,75,78,104,446,1389,20,1697,546,1151
296,52753.04766111838,0,1407,667,667,251,238,39,86,25,326,336,5,678,411,267
297,81920.87720879946,0,4144,1518,1518,121,1149,132,58,0,1125,393,0,1384,922,462
298,40021.34753259707,2,4582,1585,1585,643,576,152,118,26,0,1585,0,1506,168,1338
299,63437.1021603603,2,6467,2797,2797,152,767,750,552,240,1374,1423,0,2653,1500,1153
300,98857.81380030644,1,6735,1844,1844,110,277,405,420,338,1543,301,0,1669,1327,342
301,120286.4696087548,1,7067,2061,2061,7,81,324,427,859,2039,22,0,1883,1839,44
302,72849.62480159431,1,5283,2274,2274,715,990,247,160,58,1596,672,6,2144,1319,825
303,104401.8721537859,1,8274,2443,2443,10,0,1,59,783,2396,47,0,2370,2011,359
304,123273.99265281792,0,3048,934,934,373,211,74,87,31,901,30,3,834,789,45
305,93327.17254397088,0,5150,2032,2032,337,524,201,386,259,1886,142,4,1958,1628,330
306,94749.06106441354,0,2552,841,841,652,52,34,26,15,697,144,0,791,658,133
307,54374.05047716867,2,7137,3636,3636,1257,1005,247,154,127,1029,2604,3,3403,1595,1808
308,88421.80228508057,1,7771,2797,2797,76,729,373,939,235,2313,221,263,2786,2526,260
309,99351.11835950785,0,4063,1442,1442,217,309,245,199,330,1322,75,45,1361,1228,133
310,73469.95430427177,0,3384,1360,1360,1057,140,78,26,10,773,582,5,1261,868,393
311,0.0,3,0,0,0,0,0,0,0,0,0,0,0,0,0,0
312,99946.60544301487,1,8276,2942,2942,374,583,323,325,555,2734,208,0,2670,2280,390
313,102342.00290698708,0,4175,1458,1458,380,773,247,40,3,1196,257,5,1414,1202,212
314,103594.0676132423,1,6201,2227,2227,33,425,225,511,192,1915,306,6,2070,1842,228
315,43703.25237261546,0,2913,1501,1501,428,710,139,96,24,337,1151,13,1485,573,912
316,85322.90216130685,0,4334,1697,1697,66,380,312,523,127,1503,73,121,1651,1480,171
317,112774.41700874516,0,1734,613,613,19,360,74,45,28,366,247,0,578,417,136
318,76890.99364402694,1,8790,3132,3132,325,1440,353,501,117,1673,1456,3,2952,2153,799
319,114318.66118633513,0,4278,1374,1374,0,85,728,500,20,1352,22,0,1292,1168,124
320,81238.74266274204,0,4788,1846,1846,70,587,341,217,223,1159,670,17,1727,1233,494
321,76419.27859835718,1,5881,2358,2358,451,701,143,210,466,1440,905,13,2285,1540,745
322,106862.59078959821,0,4984,1235,1235,0,0,0,42,740,1226,2,7,1107,1006,101
323,60723.04440100432,0,4346,1914,1914,116,1466,165,105,15,912,1002,0,1905,903,1002
324,102844.73765142802,0,4967,1693,1693,75,1336,181,39,19,1415,273,5,1651,1533,118
325,101540.01754458326,1,5274,2096,2096,66,933,760,224,22,1924,172,0,1965,1762,203
326,83770.57798394279,0,4449,1675,1675,1235,287,50,30,24,1150,525,0,1609,1157,452
327,100113.12562969478,0,3571,1192,1192,197,780,93,40,18,980,209,3,1122,943,179
328,40458.59844558158,0,2737,1497,1497,409,785,105,118,49,376,1113,8,1480,533,947
329,49648.92221652642,0,2410,1151,1151,911,118,16,3,0,15,1136,0,1086,461,625
330,116286.71730164354,0,2725,887,887,176,642,37,10,10,735,152,0,863,641,222
331,85899.98255901891,1,5717,2314,2314,123,1641,204,41,141,1511,803,0,2215,1608,607
332,69045.10785813942,0,2902,1243,1243,191,613,113,132,26,853,390,0,1218,801,417
333,105248.71029028362,0,5046,1877,1877,10,97,1519,198,0,1866,11,0,1776,1605,171
334,47597.70950205178,2,9269,5630,5630,268,2223,1014,480,247,210,5420,0,4965,1682,3283
335,108913.41450261632,1,8450,2891,2891,269,478,77,104,392,2833,53,5,2671,2476,195
336,55006.980233813374,0,3040,1100,1100,418,415,60,51,70,515,575,10,998,217,781
337,49383.022910400054,0,2271,1285,1285,910,140,81,51,39,633,643,9,1216,524,692
338,72264.36368756434,0,365,142,142,59,57,9,0,11,117,5,20,132,116,16
339,93999.89240826883,1,5923,2147,2147,48,623,584,578,200,1374,773,0,2012,1754,258
340,108513.72264524925,0,3141,1099,1099,216,502,161,156,32,786,313,0,1083,951,132
341,111075.45019451738,1,13270,4161,4161,61,293,145,767,994,4145,6,10,3801,3558,243
342,86027.12111900575,0,3448,1176,1176,100,646,263,86,0,1153,23,0,1099,784,315
343,72019.79673119895,0,2554,1159,1159,658,292,94,64,7,914,245,0,1093,809,284
344,61436.76451859968,0,4758,2047,2047,212,1530,209,56,19,1164,883,0,1982,1103,879
345,100501.97703761315,1,8146,1965,1965,12,44,105,1436,247,1676,289,0,1796,1610,186
346,44009.85093125016,0,3028,1570,1570,401,810,145,80,26,525,1035,10,1552,625,927
347,68734.88035645559,0,5378,2281,2281,771,792,161,290,67,1256,1025,0,2240,1457,783
348,46477.17531735808,2,3795,1836,1836,1097,471,151,52,26,565,1266,5,1761,486,1275
349,98072.14014318286,0,4890,1699,1699,779,480,150,129,29,1464,230,5,1672,1456,216
350,48660.52962631297,0,4022,1772,1772,276,1165,197,93,10,810,958,4,1697,534,1163
351,46157.359547864035,2,4822,2573,2573,1177,603,204,139,44,108,2454,11,2403,872,1531
352,90871.4401811021,0,3484,1425,1425,119,1049,195,32,12,804,621,0,1382,938,444
353,113717.6962970525,1,5514,1758,1758,145,539,99,364,192,1726,32,0,1614,1464,150
354,84369.01341125013,0,3404,1404,1404,134,812,210,47,91,874,530,0,1353,859,494
355,98443.69835149388,1,7074,2733,2733,257,672,383,330,337,2176,552,5,2562,2133,429
356,103122.00757016956,0,5511,1591,1591,0,9,42,993,223,1368,223,0,1478,1286,192
357,89597.39900438825,1,8355,3185,3185,222,1065,595,336,332,2641,539,5,3087,2522,565
358,83920.25466944651,1,6419,2327,2327,188,452,322,340,186,1747,423,157,2205,1816,389
359,63624.44757739055,2,6765,2793,2793,138,1496,495,398,95,1756,1017,20,2781,1699,1082
360,59413.95823686272,0,1455,598,598,279,242,23,40,11,427,150,21,537,86,451
361,50590.14031978425,2,4841,2345,2345,164,880,411,617,139,38,2307,0,2214,745,1469
362,87893.39729335102,0,2304,918,918,183,376,157,54,36,839,75,4,850,765,85
363,48446.14719246556,2,4255,1995,1995,1116,494,81,114,27,307,1614,74,1899,730,1169
364,101320.89172922622,0,2380,906,906,189,275,129,86,95,892,5,9,841,808,33
365,100007.25310532958,1,8087,2897,2897,23,429,771,578,327,2467,430,0,2768,2570,198
366,43054.762589948885,0,2447,1207,1207,408,296,158,68,17,6,1201,0,1098,169,929
367,93382.45803874478,1,7433,2738,2738,8,154,1017,774,441,2195,543,0,2566,2054,512
368,63568.45749603703,2,6200,3079,3079,151,692,836,821,133,446,2609,24,2728,1624,1104
369,89172.9037970332,1,8252,3005,3005,0,16,22,68,306,1612,1393,0,2702,1834,868
370,115298.75779681493,0,5056,1675,1675,30,230,1006,306,11,1658,12,5,1616,1585,31
371,106469.2465524507,1,6050,2184,2184,1027,900,139,48,0,2009,175,0,2002,1838,164
372,94663.45493267826,0,2861,1064,1064,689,184,31,26,10,950,108,6,990,842,148
373,91677.94434668275,0,4232,1643,1643,19,259,93,313,271,1027,612,4,1559,1152,407
374,66244.27334624143,0,4037,1748,1748,1020,538,78,94,0,1279,464,5,1718,1181,537
375,56995.80660592833,2,8025,3248,3248,280,1224,674,71,10,845,2394,9,3061,1534,1527
376,71816.23334744746,2,7537,3112,3112,1393,899,226,112,73,2350,752,10,2843,1829,1014
377,108814.34203593123,1,14205,3837,3837,9,15,30,37,158,3809,28,0,3433,3216,217
378,44491.36062991063,2,8896,4674,4674,90,1262,600,758,625,482,4191,1,4314,516,3798
379,91448.54573347242,1,7425,2684,2684,43,691,317,688,506,1949,728,7,2603,2269,334
380,120684.82653693111,0,5734,1750,1750,0,0,11,415,918,1615,135,0,1624,1544,80
381,99203.76417470477,1,8166,2878,2878,257,1129,214,228,385,2575,298,5,2755,2464,291
382,113204.56474638038,1,10880,3096,3096,10,11,12,78,1026,2824,272,0,2781,2405,376
383,107477.03768288044,1,11478,3433,3433,43,20,38,751,1366,3427,5,1,3210,3096,114
384,122776.60593305303,0,4179,1327,1327,110,198,66,73,267,1250,77,0,1141,970,171
385,94853.82669022122,1,5754,2123,2123,257,584,276,299,160,1872,31,220,1890,1809,81
386,52234.03866345065,0,1122,654,654,360,50,55,25,33,11,643,0,617,328,289
387,50621.181947036894,0,3910,1704,1704,633,422,212,150,62,326,1372,6,1599,620,979
388,103163.23581343789,1,7381,2298,2298,17,18,22,341,1169,2252,46,0,2202,1851,351
389,81715.86200672993,1,6025,2456,2456,556,744,327,211,217,1885,551,20,2391,1800,591
390,96605.27332859003,1,5688,1925,1925,48,818,695,245,28,1495,430,0,1826,1578,248
391,87145.55647918044,0,5104,2033,2033,218,930,392,401,35,1857,172,4,1933,1464,469
392,100935.15613030421,0,2357,837,837,184,105,47,129,21,711,126,0,773,654,119
393,74459.17363366227,0,4109,1033,1033,10,62,291,396,112,36,993,4,950,415,535
394,47822.57438874504,2,3637,1679,1679,459,825,314,39,3,141,1538,0,1609,500,1109
395,63293.90206486296,2,7054,2269,2269,247,1609,295,83,0,68,2201,0,2142,1363,779
396,46908.16587730028,2,4862,2290,2290,1020,838,167,49,29,95,2184,11,2195,760,1435
397,55363.24083676369,2,6829,2733,2733,398,1138,336,348,364,1478,1255,0,2578,972,1606
398,62733.08391631204,2,5433,2322,2322,700,997,108,126,55,1175,1144,3,2112,979,1133
399,100621.7882409512,0,4624,1776,1776,437,931,123,130,40,1384,392,0,1674,1398,276
400,109258.28396937608,1,5744,1939,1939,90,430,315,371,242,1789,124,26,1810,1625,185
401,113633.32681752378,1,7526,2772,2772,8,15,141,856,623,2358,414,0,2490,2280,210
402,78782.6632572475,0,2079,980,980,542,196,119,46,25,759,216,5,958,839,119
403,72207.67295064073,1,7112,3645,3645,49,393,717,919,765,1784,1807,54,3469,2651,818
404,65311.18574174222,0,5286,1660,1660,282,422,237,287,149,308,1352,0,1562,856,706
405,42962.5152136529,2,6314,2089,2089,313,1357,202,150,11,401,1688,0,1948,144,1804
406,90810.77849802014,1,5308,2037,2037,41,1078,351,461,48,1847,190,0,1892,1578,314
407,65325.98269997665,1,6269,2399,2399,139,945,1022,151,66,1568,707,124,2250,1242,1008
408,42346.04445900533,0,2856,1467,1467,312,871,144,58,34,352,1105,10,1454,455,999
409,37963.60511401139,2,6812,3557,3557,535,1018,448,410,243,478,3076,3,3287,630,2657
410,107368.3738623977,0,4894,1319,1319,0,17,74,1105,57,1263,56,0,1198,1004,194
411,56670.42305299098,0,2255,1119,1119,91,766,149,101,0,471,648,0,1101,578,523
412,83190.2437376227,0,2618,963,963,78,648,103,54,22,693,198,72,895,795,100
413,90117.53686696036,1,7580,2894,2894,151,1788,165,302,173,2536,327,31,2689,2129,560
414,100671.81544875221,0,3859,1450,1450,358,872,59,6,11,1256,190,4,1332,1103,229
415,45745.209749326,0,2910,1471,1471,442,637,204,118,14,454,1008,9,1442,594,848
416,72277.02398665583,1,7345,2476,2476,520,1109,297,220,116,1248,1207,21,2393,1604,789
417,41626.49651851501,2,4808,2787,2787,351,720,913,264,345,196,2586,5,2772,994,1778
418,99073.15161348456,0,4489,1647,1647,1046,84,57,123,58,1436,211,0,1504,1334,170
419,96866.4855846201,1,6918,2724,2724,227,816,636,447,254,2611,37,76,2552,2246,306
420,87743.84207722246,0,90,18,18,0,1,0,0,0,0,0,18,1,0,1
421,87697.96907799446,1,6375,2367,2367,75,113,545,582,746,1453,912,2,2256,1911,345
422,45515.19264533891,2,3509,1931,1931,976,304,120,152,115,518,1399,14,1779,525,1254
423,100761.69275013325,0,2781,1087,1087,176,599,162,39,8,1066,21,0,1006,930,76
424,86162.42664170558,1,5548,2176,2176,21,727,372,410,313,1751,327,98,2051,1644,407
425,50478.639457613426,0,3798,1789,1789,210,1213,201,105,13,583,1201,5,1762,629,1133
426,101518.6207970505,1,5571,1740,1740,72,156,124,967,94,1500,209,31,1610,1317,293
427,85628.64457719369,0,4222,1785,1785,1295,230,63,20,56,1545,240,0,1689,1364,325
428,108899.81568729287,1,12982,3832,3832,0,0,25,686,1111,3821,11,0,3544,3300,244
429,48720.067382957706,2,4106,2146,2146,877,915,151,80,18,557,1574,15,2069,802,1267
430,95595.17653370427,1,8520,2952,2952,71,129,778,239,582,2725,227,0,2795,2271,524
431,57205.45573228201,2,7952,3620,3620,11,59,224,1776,761,0,3620,0,3326,2254,1072
432,104441.30382012628,0,1448,484,484,78,123,74,86,48,479,0,5,473,461,12
433,106006.41127266255,1,9497,2314,2314,9,7,25,342,303,2158,156,0,2056,1798,258
434,87656.30437012955,0,3708,1557,1557,586,567,136,92,36,1394,133,30,1493,1366,127
435,81792.19738878294,0,1930,711,711,168,208,107,72,11,603,35,73,672,563,109
436,48761.2196204371,0,3874,1579,1579,513,680,156,98,60,352,1227,0,1475,355,1120
437,70431.79293336104,2,6469,2624,2624,206,1240,471,289,44,1269,1351,4,2494,1697,797
438,112224.53967243868,0,5026,1471,1471,14,176,811,384,31,1266,205,0,1347,1183,164
439,102959.61943535403,1,26645,7288,7288,3,21,10,18,489,5332,1956,0,6574,5573,1001
440,56442.11645011448,0,2277,1013,1013,153,734,79,25,10,437,576,0,1004,447,557
441,52506.57713213017,2,4928,2367,2367,520,1180,241,159,50,1197,1156,14,2355,1322,1033
442,129584.38953773545,0,5076,1675,1675,0,18,525,745,323,1664,11,0,1568,1481,87
443,59853.27057673251,0,3977,1275,1275,256,684,122,72,30,312,963,0,1158,382,776
444,54211.87597319655,0,4085,1701,1701,820,615,119,33,39,454,1232,15,1632,751,881
445,57765.217349049955,0,100,53,53,0,16,20,0,0,13,0,40,48,34,14
446,110475.00180934099,0,3403,950,950,0,16,267,131,140,939,11,0,885,842,43
447,63013.92242169286,0,53,16,16,0,5,10,1,0,13,0,3,15,3,11
448,94257.70741953905,1,8531,3431,3431,127,489,939,814,321,2615,791,25,3284,2905,379
449,82799.19536006989,0,2698,1045,1045,15,741,187,46,19,735,310,0,1011,670,341
450,50124.349711906136,2,4749,2410,2410,1507,579,111,69,46,920,1467,23,2364,1153,1211
451,49339.268146245435,2,4323,2639,2639,1458,804,161,90,13,462,2173,4,2455,485,1970
452,92754.49953793811,0,3656,1224,1224,539,601,24,19,0,1010,209,5,1186,1003,183
453,45840.409566159666,2,6942,3008,3008,729,1133,479,353,42,553,2415,40,2802,948,1854
454,116498.49083314333,1,8502,2589,2589,290,340,35,531,800,2579,10,0,2478,2414,64
455,81974.4482668957,0,803,286,286,107,95,32,23,0,286,0,0,266,243,23
456,106728.0642044969,0,6034,2199,2199,151,579,529,508,183,2166,30,3,2141,2065,76
457,59860.99109552777,2,5007,2421,2421,928,977,120,62,43,638,1783,0,2269,922,1347
458,76529.62136449221,1,5683,2326,2326,561,1115,242,209,50,1585,741,0,2177,1378,799
459,51846.62279284786,2,4282,2206,2206,1309,498,126,87,17,196,2005,5,2095,708,1387
460,65036.92324280726,2,5064,2585,2585,2100,302,72,16,16,1447,1129,9,2421,1383,1038
461,76858.54225155328,0,2371,877,877,31,567,113,30,28,447,430,0,766,283,483
462,50686.76318739355,2,7123,2898,2898,562,923,366,364,286,654,2240,4,2592,634,1958
463,80968.93131005944,1,10346,4018,4018,117,622,356,808,485,1688,2171,159,3897,2816,1081
464,69182.04680646787,2,8941,3469,3469,107,1178,913,503,319,2403,1062,4,3294,2122,1172
465,42914.50049111004,0,2053,1233,1233,121,504,176,83,145,6,1227,0,1119,227,892
466,56966.20404223558,0,3892,1235,1235,229,775,110,98,0,514,721,0,1164,442,722
467,86516.8633454836,1,6172,1929,1929,14,141,448,513,687,1298,631,0,1768,1084,684
468,107289.7591448062,1,8842,3192,3192,74,165,320,411,584,3032,159,1,2929,2593,336
469,68753.29057555711,1,5497,1958,1958,122,574,273,377,227,718,1207,33,1827,956,871
470,87412.53066098377,0,3092,1300,1300,793,374,78,10,3,802,494,4,1256,818,438
471,90810.72974895206,0,6027,2297,2297,221,412,155,679,500,1964,333,0,2219,1799,420
472,95798.69792166796,0,2786,1031,1031,240,532,74,28,22,892,135,4,920,670,250
473,39998.97368457261,0,2174,1420,1420,939,292,101,39,0,26,1375,19,1360,268,1092
474,57547.576520926865,0,4019,1830,1830,254,288,308,429,196,647,1175,8,1759,1194,565
475,115485.31205574611,0,3664,1237,1237,14,718,417,19,55,1237,0,0,1215,1192,23
476,119435.1982055951,0,4286,1364,1364,3,22,76,1084,141,1362,2,0,1294,1152,142
477,54434.39190424474,2,6987,3448,3448,944,696,253,172,189,845,2598,5,3082,1337,1745
478,72863.780431543,1,5857,2098,2098,121,1452,403,81,17,1508,590,0,2036,1245,791
479,61450.57847746622,0,4367,1772,1772,809,522,167,53,15,1068,701,3,1631,771,860
480,50002.210255738624,2,5915,2926,2926,1459,736,457,116,36,794,2103,29,2809,1443,1366
481,56511.76155443549,2,4795,2449,2449,380,881,510,350,91,589,1860,0,2346,1118,1228
482,82824.77576707269,0,4495,1644,1644,650,544,109,95,30,1106,538,0,1527,1038,489
483,121917.81293359715,0,5117,1588,1588,0,33,37,1245,200,1540,48,0,1436,1360,76
484,90120.35136742007,1,9204,3466,3466,33,253,440,704,876,2365,1100,1,3203,2610,593
485,83265.44322122265,0,1266,466,466,9,103,88,169,73,402,55,9,468,393,75
486,85007.03900378567,0,4500,1817,1817,20,154,939,417,86,1245,467,105,1693,1404,289
487,133326.83089523093,0,4877,1503,1503,122,112,110,482,392,1498,5,0,1389,1184,205
488,48088.91851460949,2,3559,1935,1935,158,666,562,483,25,5,1930,0,1829,912,917
489,69431.63454437516,1,5781,2500,2500,29,616,441,332,464,1369,1127,4,2271,1138,1133
490,64870.190062973044,2,6177,2490,2490,1010,522,301,235,141,1234,1256,0,2347,1521,826
491,57972.91531836934,2,14776,8254,8254,400,543,1387,891,398,731,7518,5,7726,4196,3530
492,98242.59208759814,0,4591,1896,1896,83,1050,308,109,147,1443,448,5,1766,1565,201
493,68563.2797510804,1,6786,2787,2787,445,947,214,357,141,1724,1051,12,2668,1666,1002
494,69766.87391209991,0,2078,949,949,255,394,119,106,24,544,405,0,910,517,393
495,96288.77629167696,0,4536,1702,1702,244,255,377,457,257,1443,259,0,1650,1387,263
496,68074.881673027,0,5397,1868,1868,1315,355,91,50,12,1248,615,5,1816,1024,792
497,100706.53483870384,1,7468,2082,2082,0,39,600,1123,125,1879,199,4,1906,1525,381
498,93708.46021431558,0,888,309,309,15,273,10,0,0,304,5,0,305,270,35
499,53486.55092993125,2,4921,2111,2111,631,509,500,242,62,822,1284,5,2056,983,1073
500,43533.17483834201,2,3717,1900,1900,665,566,263,229,57,77,1809,14,1820,348,1472
501,38575.014939953966,2,6474,3144,3144,1385,1008,172,149,58,31,3113,0,2960,522,2438
502,95447.76305569343,0,3768,1449,1449,3,68,293,712,69,1063,386,0,1368,1186,182
503,83878.44093100107,0,4371,1719,1719,54,886,636,105,19,1480,234,5,1696,1280,416
504,98858.99676725063,1,6173,2113,2113,77,1351,428,71,35,1647,463,3,2050,1810,240
505,86011.14049795741,0,28,4,4,0,1,1,0,0,4,0,0,3,3,0
506,63232.90682819989,2,6748,3245,3245,1675,847,280,114,69,1671,1574,0,2912,1581,1331
507,103270.99347731115,0,3984,1596,1596,323,959,72,152,8,1395,201,0,1508,1436,72
508,100706.87818624005,1,7177,2028,2028,12,0,15,105,1358,1643,385,0,1846,1403,443
509,69708.1527752623,0,1117,409,409,133,119,47,77,0,341,5,63,397,346,51
510,111784.20421904106,1,8339,2713,2713,125,73,85,716,630,2117,595,1,2535,2332,203
511,112115.4061270171,0,3199,1049,1049,40,814,151,8,0,970,79,0,1000,925,75
512,91537.65544592014,1,4115,1486,1486,4,186,136,608,155,878,368,240,1372,1288,84
513,94085.7906860991,1,6619,2395,2395,64,1022,260,245,454,1994,401,0,2268,1866,402
514,105305.21559793963,1,11155,3063,3063,0,0,0,47,1276,3058,5,0,2914,2768,146
515,94185.6079489483,0,4558,1846,1846,58,414,441,516,123,1482,360,4,1759,1632,127
516,41847.35434551707,0,2536,1337,1337,713,298,87,118,82,527,773,37,1277,426,851
517,107860.45577333761,1,7389,2583,2583,288,1145,522,416,76,2364,215,4,2385,2181,204
518,89130.33551923433,1,6674,2246,2246,238,1118,235,491,44,1495,751,0,2129,1627,502
519,81898.48818820332,0,4242,1811,1811,1072,381,109,103,57,1509,284,18,1772,1350,422
520,95179.24789224686,1,6327,2061,2061,160,174,299,457,457,1693,368,0,1946,1585,361
521,103058.25642781769,1,9520,2137,2137,10,2,0,2,10,2114,23,0,1919,1737,182
522,98108.72052815037,1,5607,1967,1967,1695,149,27,27,0,1893,64,10,1842,1536,306
523,75829.53863797408,1,5366,1811,1811,43,995,492,145,38,1122,689,0,1662,996,666
524,63160.831282440195,2,10626,4482,4482,42,179,736,719,910,209,4272,1,4071,2635,1436
525,112259.2223153933,1,5334,1836,1836,310,1307,78,30,10,1777,59,0,1718,1641,77
526,75234.29520731587,1,5472,2038,2038,333,1355,186,89,9,1220,812,6,1868,1086,782
527,47493.47984913402,2,3685,1870,1870,1229,266,66,56,0,39,1796,35,1740,615,1125
528,92094.20058916205,0,2414,931,931,648,147,31,26,20,807,124,0,935,840,95
529,97422.92176221765,1,8337,3003,3003,73,566,374,456,147,2695,156,152,2836,2576,260
530,45740.93168446202,2,3511,2056,2056,1265,454,199,108,0,81,1962,13,2043,844,1199
531,115109.61170407772,0,3908,1038,1038,107,211,89,107,77,1026,7,5,891,824,67
532,95882.62156120178,0,2401,955,955,66,65,135,264,222,735,220,0,896,843,53
533,38981.311046331204,2,4232,2117,2117,599,1121,209,120,0,15,2102,0,2016,228,1788
534,79639.85371665582,0,2081,861,861,34,748,33,15,0,465,396,0,830,537,293
535,58590.025112780204,0,4024,1636,1636,806,497,205,70,0,840,796,0,1535,613,922
536,48206.419733922135,2,6586,3652,3652,662,2349,439,135,35,749,2903,0,3528,1040,2488
537,99488.46407378324,0,1164,393,393,111,168,52,36,10,299,85,9,393,281,112
538,71030.71405157984,0,4498,1950,1950,1090,543,62,19,73,1673,271,6,1812,1192,620
539,78685.81110343672,1,3540,1601,1601,209,593,288,204,60,1214,11,376,1515,1322,193
540,102415.14929550236,0,5315,1794,1794,35,703,509,130,15,1715,75,4,1671,1450,221
541,75855.45872820668,0,3922,1695,1695,16,397,458,573,95,1049,646,0,1644,1194,450
542,70556.7454784366,0,3905,1295,1295,101,1013,101,31,19,868,427,0,1246,753,493
543,51971.73851546266,0,2097,1130,1130,785,251,43,32,0,414,711,5,1055,438,617
544,111285.15864373036,1,6896,2450,2450,0,45,62,394,354,2398,52,0,2307,2121,186
545,63668.61875749904,0,4752,1822,1822,225,1258,266,32,0,1187,635,0,1735,922,813
546,86806.31168661684,0,2879,1142,1142,272,203,118,110,87,748,369,25,1012,696,316
547,147622.95554004365,0,1713,579,579,301,76,12,57,33,564,15,0,573,544,29
548,94935.59399538634,0,3633,1325,1325,41,935,142,52,68,1241,84,0,1268,1161,107
549,109243.47768474412,0,3212,1115,1115,33,145,515,160,73,1110,5,0,1056,1043,13
550,106694.01406300011,1,9016,2588,2588,0,17,20,169,1217,2181,407,0,2395,2012,383
551,82663.14916071662,2,6785,3012,3012,1290,559,536,184,198,1557,1455,0,2837,2138,699
552,101356.95503190107,0,3734,1317,1317,22,707,74,43,38,1312,5,0,1257,1196,61
553,97884.30188606834,1,7697,1876,1876,2,9,36,1030,636,1472,404,0,1791,1444,347
554,56972.667771385546,2,5249,2629,2629,0,3,45,985,823,0,2629,0,2448,1366,1082
555,123417.74276908618,0,3042,1041,1041,9,169,284,178,136,956,85,0,953,891,62
556,56311.31596192303,2,7046,3200,3200,53,1103,1131,390,73,409,2791,0,3000,1715,1285
557,62278.15664188086,0,4834,1867,1867,692,325,212,362,54,377,1486,4,1779,1047,732
558,45399.38672006323,2,4266,1792,1792,475,814,184,152,56,58,1711,23,1713,584,1129
559,52342.69365663628,0,2573,896,896,511,247,59,36,16,15,881,0,897,251,646
560,90939.0150318708,1,5352,1885,1885,30,1327,282,21,33,1869,16,0,1753,1359,394
561,67639.063808824,0,31,17,17,5,6,2,1,1,17,0,0,15,9,6
562,42227.06684699786,2,5460,3752,3752,836,2123,369,150,14,11,3741,0,3509,475,3034
563,91277.22431455734,0,2972,1105,1105,953,73,26,20,4,670,429,6,1027,728,299
564,102131.88477392535,1,7037,2510,2510,99,842,284,390,143,2454,0,56,2023,1888,135
565,109230.47513573169,1,8375,2364,2364,10,3,0,30,749,2359,5,0,2238,2074,164
566,72836.55434877156,0,2686,1212,1212,837,228,87,18,0,792,420,0,1218,904,314
567,45534.874197174606,2,5683,2443,2443,169,1115,363,273,220,910,1533,0,2217,216,2001
568,109561.68523026616,0,4570,1682,1682,0,40,492,959,69,1514,167,1,1546,1485,61
569,61757.17883067403,0,540,261,261,107,90,29,13,8,248,9,4,251,228,23
570,109355.56641543044,1,7809,2246,2246,7,8,0,266,1225,2230,16,0,2078,1899,179
571,82337.45525667076,1,7423,2199,2199,31,180,678,642,234,1109,1090,0,2065,1570,495
572,47718.91233016888,2,4532,2959,2959,549,883,206,193,189,253,2700,6,2588,569,2019
573,106529.26713135713,1,6129,1958,1958,3,19,115,1478,275,1943,15,0,1827,1626,201
574,94873.25601597631,1,2008,938,938,13,457,149,46,56,29,0,909,846,743,103
575,101280.86721719323,1,9659,3551,3551,183,409,243,739,339,3064,479,8,3317,2856,461
576,69665.23694845659,0,3285,1472,1472,1266,119,37,41,0,1178,293,1,1440,1030,410
577,68843.95184904397,1,4198,2105,2105,87,1105,348,149,113,899,1090,116,1975,1095,880
578,115073.80714809411,1,9548,3387,3387,0,29,279,832,497,3007,380,0,3048,2696,352
579,63798.980799918645,0,4503,1758,1758,49,1033,486,112,17,800,958,0,1730,928,802
580,96233.67750217607,1,8932,3000,3000,305,574,463,430,74,2828,166,6,2826,2372,454
581,113555.04211234815,0,4003,1253,1253,15,268,528,333,49,1216,37,0,1186,1148,38
582,116163.65656664498,1,5463,2000,2000,0,228,399,612,243,1752,243,5,1714,1622,92
583,107584.88258714038,0,4500,1477,1477,32,69,653,237,154,1127,338,12,1384,1284,100
584,47095.65101180662,2,8011,4273,4273,883,1507,394,643,133,420,3853,0,3805,1004,2801
585,69191.94692642063,0,2681,1054,1054,196,326,144,166,81,668,86,300,996,863,133
586,113293.00049218896,1,5354,1722,1722,21,1038,198,400,3,1553,169,0,1565,1467,98
587,59017.572061873754,2,14566,6007,6007,306,1846,468,390,172,3440,2567,0,5329,3376,1953
588,90658.54951278835,1,7369,2919,2919,758,790,579,214,55,2550,341,28,2711,2210,501
589,110668.04287520748,1,11948,3909,3909,235,421,454,579,570,3818,87,4,3660,3197,463
590,99135.25156221047,1,6461,2133,2133,7,58,183,1017,373,1928,205,0,2043,1604,439
591,46181.57890091036,2,3408,1706,1706,1252,296,54,55,7,70,1632,4,1621,486,1135
592,68829.91667165507,1,6926,2306,2306,409,699,314,359,136,578,1678,50,2155,1170,985
593,77734.76715286504,0,2310,956,956,610,275,13,47,0,879,77,0,924,782,142
594,62577.55694311319,0,2797,1270,1270,681,250,71,51,9,565,699,6,1181,628,553
595,106099.43618213334,0,4863,1784,1784,19,93,1171,266,8,1532,252,0,1664,1530,134
596,60915.42909648441,2,4845,2313,2313,396,641,580,341,66,1086,1221,6,2194,1313,881
597,45814.54837643641,2,4944,2846,2846,1507,752,313,147,52,143,2671,32,2818,897,1921
598,43814.564877173936,2,4217,2163,2163,639,896,232,153,22,12,2151,0,1962,279,1683
599,71161.54687346323,0,5478,2482,2482,16,141,673,1263,274,743,1739,0,2419,1792,627
600,94507.82631193196,1,6365,1889,1889,259,468,251,239,73,1884,0,5,1721,1226,495
601,108764.29605510323,0,3115,1031,1031,425,260,92,113,43,1021,5,5,992,831,161
602,47096.0390449431,0,3297,1664,1664,905,449,85,94,67,273,1302,89,1603,594,1009
603,59580.733675502015,2,5103,2180,2180,106,1315,220,104,46,1179,1001,0,2064,910,1154
604,113127.10897491174,0,3950,1431,1431,116,190,252,481,216,1365,55,11,1300,1235,65
605,126279.76528142829,0,3528,1108,1108,37,93,34,47,550,1103,5,0,1044,997,47
606,118858.64203591354,0,3412,1084,1084,25,219,492,189,59,1024,60,0,1020,942,78
607,122055.08137434756,0,4765,1631,1631,411,406,67,224,339,1506,118,7,1527,1359,168
608,61285.728827987754,2,5937,2652,2652,1621,581,140,134,84,1555,1089,8,2609,1447,1162
609,66238.81265707873,1,5383,2032,2032,676,762,446,66,14,893,1045,94,1882,1012,870
610,99070.31493442829,0,120,52,52,0,0,0,19,13,52,0,0,48,45,0
611,84338.30763437046,0,3464,1356,1356,208,448,167,200,107,1224,37,95,1292,1181,111
612,49058.58784045375,2,4156,2306,2306,662,840,247,96,95,511,1790,5,2130,793,1337
613,69486.11109237054,0,5285,2015,2015,641,821,184,115,80,1605,405,5,1938,1254,684
614,43412.729076628566,0,1682,936,936,712,158,33,17,0,0,936,0,873,219,654
615,52980.10815027771,0,2400,1152,1152,930,145,26,34,3,311,841,0,1108,419,689
616,106910.63869211295,0,3876,1086,1086,14,532,434,50,14,972,114,0,1053,929,124
617,115156.4229754189,1,6981,2744,2744,396,489,294,243,641,2677,67,0,2509,2347,162
618,64065.288978132616,0,5,3,3,2,1,0,0,0,0,3,0,3,0,3
619,82433.76829717935,0,1587,601,601,69,205,102,144,19,468,5,128,598,506,92
620,107299.03058090968,1,5226,1377,1377,26,554,618,147,3,1155,206,16,1282,1126,156
621,108546.85057364492,0,5769,1765,1765,0,16,48,788,766,1755,10,0,1659,1537,122
622,54242.26984244717,0,2023,1095,1095,95,283,211,36,14,118,977,0,884,265,619
623,95059.82289659076,0,2799,1024,1024,373,475,126,18,0,846,178,0,933,694,239
624,63128.76531397318,0,4065,1665,1665,8,287,839,463,13,444,1221,0,1608,1094,514
625,87639.8099717482,0,5500,2146,2146,132,1040,221,62,25,1708,438,0,2071,1688,383
626,44369.573005902275,0,2203,1297,1297,810,160,63,46,39,11,1255,31,1220,360,860
627,110512.4561583399,0,3867,1062,1062,21,110,598,167,62,989,73,0,966,878,88
628,66981.31777922412,0,4524,2073,2073,563,411,349,406,83,1136,937,0,1947,1131,816
629,90606.43001956207,0,3202,1132,1132,95,323,187,189,116,1084,0,48,1060,977,83
630,93622.0601289058,0,3215,1037,1037,333,292,64,121,57,963,55,19,979,744,235
631,67287.30576250482,0,3904,1702,1702,122,1270,202,41,10,425,1277,0,1563,964,599
632,82712.19057452325,1,6444,2653,2653,91,1286,439,482,81,1857,791,5,2562,1898,664
633,116779.2373257609,0,1870,640,640,62,494,19,29,28,541,95,4,628,404,224
634,42226.58156430907,2,2586,1661,1661,645,277,153,138,133,66,1591,4,1499,250,1249
635,59400.28604137085,2,6539,3144,3144,1605,897,194,129,45,2303,830,11,2805,1740,1065
636,77379.75345593551,0,155,72,72,35,16,0,11,3,53,15,4,67,55,12
637,108863.71528820024,1,12152,2799,2799,35,206,245,160,844,2745,54,0,2414,2315,99
638,43565.941674356814,2,4237,1748,1748,249,1186,180,81,17,36,1684,28,1706,321,1385
639,111145.26978861025,0,3793,1012,1012,0,9,8,311,576,989,23,0,911,843,68
640,73145.85579420035,1,6090,2731,2731,1795,554,111,70,33,2277,454,0,2551,1844,707
641,70467.26300073837,0,844,396,396,210,70,56,19,0,228,164,4,345,143,202
642,73344.49640912627,0,3990,1473,1473,267,203,66,117,514,530,943,0,1387,933,454
643,77336.21661350221,1,5649,2470,2470,743,1046,229,152,90,1784,681,5,2264,1539,725
644,91820.76872800264,1,8635,3403,3403,212,924,376,561,192,2523,766,114,3222,2641,581
645,40854.46516442833,2,4099,1631,1631,131,1258,162,35,14,132,1499,0,1564,477,1087
646,44324.840949260324,2,4377,2033,2033,771,743,202,123,47,122,1901,10,1921,421,1500
647,52795.6781048887,0,3296,1787,1787,953,392,115,73,20,787,1000,0,1685,850,835
648,48796.06668348194,0,4029,1540,1540,427,569,313,112,13,264,1272,4,1450,445,1005
649,109147.17146077391,1,6263,2430,2430,51,102,235,1520,111,1713,698,19,2221,1945,276
650,93167.91020666968,0,4018,1358,1358,425,254,77,167,73,744,608,6,1237,986,251
651,56653.39838254094,2,4809,2306,2306,194,1156,455,88,24,1123,1177,6,2192,1290,902
652,55130.11206072291,2,5299,2194,2194,1630,337,67,69,35,897,1267,30,2048,1096,952
653,49385.211072636004,2,4438,1757,1757,470,960,168,105,6,567,1180,10,1655,603,1052
654,58370.794369123185,2,5927,3438,3438,432,120,253,679,799,358,3080,0,3147,1933,1214
655,100675.49066281765,0,1479,423,423,49,127,52,95,25,353,70,0,425,390,35
656,91011.32042734833,0,110,48,48,11,21,10,3,2,48,0,0,49,29,20
657,54852.7871226993,2,4774,1938,1938,1235,518,71,46,37,992,931,15,1864,822,1042
658,89729.99045746603,0,4567,1850,1850,568,641,167,231,48,1667,101,82,1788,1619,169
659,51981.63085379354,0,3263,1676,1676,1062,455,67,49,18,792,884,0,1640,658,982
660,88219.79620052513,0,3374,1350,1350,190,690,150,184,87,1069,281,0,1276,940,336
661,95069.22333976369,1,8797,2899,2899,240,568,515,460,586,2523,368,8,2790,2149,641
662,42480.05590952121,2,4070,2068,2068,1180,620,109,82,13,5,2063,0,1949,232,1717
663,49431.198486202564,0,656,342,342,54,172,102,10,0,5,337,0,353,74,279
664,84288.55155035506,1,5322,1876,1876,41,1277,379,96,13,1308,568,0,1739,1224,515
665,96453.0039321974,0,2316,922,922,250,236,188,135,39,839,83,0,870,775,95
666,60497.51494540663,0,1088,469,469,132,147,46,45,16,446,0,23,449,434,15
667,102478.27321194857,1,6382,1437,1437,0,0,0,83,610,1339,98,0,1281,1193,88
668,79060.76315711606,0,515,200,200,72,97,13,9,0,176,24,0,205,142,63
669,44533.196861752964,2,4842,2906,2906,918,717,168,531,89,817,2076,13,2795,1170,1625
670,112411.13126513695,0,2620,714,714,34,72,150,403,3,714,0,0,683,629,54
671,129066.97915503044,0,3565,1162,1162,0,27,518,508,56,1154,8,0,1072,1021,51
672,79871.24656962274,2,5776,2622,2622,2016,383,72,7,35,1359,1263,0,2424,1628,796
673,45556.33619063606,0,2622,1289,1289,339,687,98,52,42,478,806,5,1278,533,745
674,69843.0029732092,0,2306,961,961,628,220,35,32,10,490,466,5,924,573,351
675,44694.91480826851,2,3294,1551,1551,1201,173,65,32,12,10,1536,5,1457,491,966
676,81570.36888187373,0,2456,995,995,0,17,0,0,18,337,658,0,840,487,353
677,83472.11282735888,1,6438,2408,2408,574,1328,338,103,3,2023,385,0,2274,1774,500
678,84197.2185266315,0,3642,1724,1724,274,307,152,323,252,1631,89,4,1659,1497,162
679,40516.8920309015,2,6652,2516,2516,1116,836,211,192,64,10,2501,5,2393,282,2111
680,123930.4999941713,0,5862,1935,1935,15,24,392,1004,438,1783,152,0,1830,1692,138
681,37508.50470047123,2,4495,2432,2432,55,545,823,536,76,400,2027,5,2312,481,1831
682,97788.95485185056,1,7407,1598,1598,0,0,0,33,629,1464,134,0,1475,1375,100
683,46825.148675842625,2,6567,3003,3003,753,1341,377,210,115,622,2377,4,2882,1022,1860
684,110859.6789502236,1,6097,1962,1962,396,342,824,161,18,1853,109,0,1826,1715,111
685,69920.86942641034,0,857,389,389,144,62,40,25,56,40,349,0,341,126,215
686,80860.83921523868,0,4495,1940,1940,1523,223,51,47,20,1461,473,6,1858,1466,392
687,68184.55814195011,0,466,287,287,9,101,148,19,9,14,10,263,285,272,10
688,64370.97969144382,2,6559,2869,2869,1229,604,119,221,292,947,1922,0,2718,1591,1127
689,49856.835118864634,0,2778,1066,1066,173,767,89,25,0,81,980,5,1069,260,809
690,42924.7880341314,2,6655,2052,2052,378,1480,102,37,2,0,2051,1,1923,0,1923
691,102737.99756636855,0,20,8,8,1,1,0,0,0,8,0,0,2,1,1
692,49796.10765216108,2,8117,2424,2424,255,921,513,604,33,10,2414,0,2270,880,1390
693,110785.49347122764,0,3475,1135,1135,77,116,130,170,78,1079,23,33,1047,876,171
694,63045.34908855498,2,5996,2736,2736,896,1445,182,123,42,1489,1243,4,2638,1514,1124
695,105923.45848761423,1,11588,3215,3215,0,0,0,18,80,3188,27,0,3070,2799,271
696,62689.67051608315,2,6835,2566,2566,501,459,564,308,144,1126,1440,0,2366,1360,1006
697,107253.73759493402,0,5563,1389,1389,0,0,9,559,725,1334,55,0,1277,1176,101
698,54022.74923914451,2,6185,2570,2570,162,177,681,500,584,575,1984,11,2406,1468,938
699,115337.97996528377,0,3460,1078,1078,18,205,567,221,13,1068,10,0,989,847,142
700,71634.50601581612,2,7054,3177,3177,2063,463,211,260,43,1703,1470,4,3000,1990,1010
701,64012.62870218209,0,3130,1094,1094,243,612,159,41,10,216,878,0,1073,484,589
702,49135.30910954978,0,1652,810,810,604,152,8,19,0,15,789,6,779,232,547
703,70835.0029247508,0,4910,1751,1751,51,228,866,351,83,989,762,0,1621,980,641
704,47340.09161140556,2,5545,2632,2632,1250,594,161,80,32,203,2414,15,2500,797,1703
705,41216.001580541175,2,6969,3722,3722,965,813,328,255,121,428,3290,4,3424,828,2596
706,93523.85956033343,0,4562,2017,2017,109,357,340,216,318,1921,86,10,1906,1746,160
707,38616.32739954237,2,4379,2224,2224,397,1266,315,93,22,202,2017,5,2144,362,1782
708,54260.81835524613,2,8038,4369,4369,800,1054,591,506,317,938,3426,5,4162,2118,2044
709,94240.20822918334,1,6952,2350,2350,254,509,423,730,102,1897,448,5,2227,1895,332
710,100157.48573249657,0,2021,783,783,63,209,226,129,17,636,141,6,751,690,61
711,92599.82814246368,0,4241,1617,1617,36,733,560,209,21,1606,11,0,1516,1193,323
712,50115.05815361416,2,4762,2542,2542,777,1265,222,148,76,457,2080,5,2366,724,1642
713,79864.89860348555,1,6118,2747,2747,88,1686,405,330,32,1860,884,3,2496,1905,591
714,62834.56537479171,0,2817,1365,1365,753,323,29,45,35,739,594,32,1321,943,378
715,55361.087765357086,2,4658,2437,2437,1342,775,157,72,27,1243,1190,4,2421,1312,1109
716,67956.99573211157,0,199,64,64,0,32,14,12,0,55,0,9,60,32,9
717,41213.703282627604,2,3104,1718,1718,799,575,186,114,25,152,1561,5,1687,291,1396
718,94733.17852742133,0,1322,501,501,360,101,3,11,0,481,20,0,493,421,72
719,101131.25861294237,0,4288,1379,1379,227,553,408,91,19,1143,236,0,1358,1201,157
720,79706.0487385597,1,7182,2404,2404,50,1726,301,107,57,1881,518,5,2259,1622,637
